<?xml version="1.0" encoding="UTF-8"?>

<IDataXMLCoder version="1.0">
  <record javaclass="com.wm.data.ISMemDataImpl">
    <record name="version" javaclass="com.wm.data.ISMemDataImpl">
      <value name="major">9</value>
      <value name="minor">0</value>
    </record>
    <value name="tn.version">10.15</value>
    <list name="profiles">
      <record javaclass="com.wm.app.tn.profile.Profile">
        <record name="Corporate" javaclass="com.wm.app.tn.profile.Corporation">
          <value name="PartnerID">52k06q00gossa35t0000000f</value>
          <value name="CorporationName">TestProfile</value>
          <value name="OrgUnitName">SAG</value>
          <value name="Status">Active</value>
          <value name="Type">TNServer    </value>
          <idatacodable name="Self" javaclass="com.wm.data.MBoolean">            <value name="MBoolean">false</value>
          </idatacodable>
          <idatacodable name="Deleted" javaclass="com.wm.data.MBoolean">            <value name="MBoolean">false</value>
          </idatacodable>
          <value name="TNVersion">10.3.0.0</value>
          <null name="Certificate"/>
          <null name="CACertificate"/>
          <null name="PrivateKey"/>
          <null name="RemoteStatus"/>
          <value name="PreferredProtocol">Queue for polling</value>
          <float name="PollingFrequency" type="java.lang.Float">0.0</float>
          <number name="DeliveryMaxRetries" type="java.lang.Short">0</number>
          <number name="DeliveryRetryWait" type="java.lang.Integer">0</number>
          <null name="PollingProtocol"/>
          <idatacodable name="B2BcomMember" javaclass="com.wm.data.MBoolean">            <value name="MBoolean">false</value>
          </idatacodable>
          <number name="RetryFactor" type="java.lang.Integer">1</number>
          <null name="DeliveryQueue"/>
          <null name="Company Logo"/>
          <null name="Address"/>
          <null name="PreferredLocale"/>
          <idatacodable name="RoutingOff" javaclass="com.wm.data.MBoolean">            <value name="MBoolean">false</value>
          </idatacodable>
          <null name="Substatus"/>
          <null name="PreferredProtocolType"/>
        </record>
        <null name="Contact"/>
        <null name="Delivery"/>
        <array name="ID" type="record" depth="1">
          <record javaclass="com.wm.app.tn.profile.ID">
            <value name="ExternalID">id1</value>
            <number name="IDType" type="java.lang.Integer">95</number>
            <value name="InternalID">52k06q00gossa35t0000000f</value>
            <number name="SequenceNumber" type="java.lang.Short">0</number>
            <value name="PartnerIDID">52k06q00gossa3600000000g</value>
            <value name="IDTypeName">User Defined 1</value>
          </record>
        </array>
        <null name="ProfileGroups"/>
        <null name="ProfileGroupNames"/>
        <null name="Users"/>
      </record>
    </list>
    <list name="extflds">
    </list>
    <list name="deliverySuspendSchedules">
    </list>
    <record name="depends" javaclass="com.wm.data.ISMemDataImpl">
      <record name="partner" javaclass="com.wm.data.ISMemDataImpl">
        <array name="52k06q00gossa35t0000000f" type="record" depth="1">
          <record javaclass="com.wm.data.ISMemDataImpl">
            <value name="assetType">externalidtype</value>
            <array name="assetIDs" type="record" depth="1">
              <record javaclass="com.wm.data.ISMemDataImpl">
                <value name="id">95</value>
                <value name="name">VXNlciBEZWZpbmVkIDE=</value>
              </record>
            </array>
          </record>
        </array>
      </record>
    </record>
  </record>
</IDataXMLCoder>
